<?xml version="1.0" encoding="UTF-8"?>
<workload name="write_100con_100obj_128KB_160w" description="WRITE-ONLY">
<storage type="swift" config="timeout=300000" />
<auth type="swauth" config="username=cosbench:operator;password=intel2012;url=http://10.10.5.3/auth/v1.0;retry=9" />
<workflow>
<workstage name="main">
<work name="128KB" workers="160" rampup="90" runtime="300" rampdown="30">
<operation type="write" ratio="100" config="containers=u(1,100);objects=u(1,100);cprefix=128KB-write;sizes=c(128)KB"/>
</work>
</workstage>
</workflow>
</workload>
